<?xml version = '1.0' encoding = 'UTF-8'?>
<Entity class="oracle.dbtools.crest.model.design.logical.Entity" directorySegmentName="seg_0" id="277768C0-2C43-FE5C-2773-930650627968" name="PROFESOR">
<createdBy>javier</createdBy>
<createdTime>2024-10-06 15:33:34 UTC</createdTime>
<ownerDesignName>EFT_S9_JavierNunez</ownerDesignName>
<engineerTo>
<item key="8D13F927-6039-61E8-2F65-B189F65A6F55" value="true"/>
</engineerTo>
<adequatelyNormalized>NO</adequatelyNormalized>
<expectedVolumes>0</expectedVolumes>
<fwdEngineeringStrategyName>Single Table</fwdEngineeringStrategyName>
<growthPercent>0</growthPercent>
<growthType>Year</growthType>
<maxVolumes>9999999</maxVolumes>
<minVolumes>0</minVolumes>
<normalForm>Third</normalForm>
<attributes itemClass="oracle.dbtools.crest.model.design.logical.Attribute">
<Attribute name="id_profesor" id="11F241C3-B47E-2ED7-DB77-2DAA02981062">
<createdBy>javier</createdBy>
<createdTime>2024-10-06 15:33:43 UTC</createdTime>
<ownerDesignName>EFT_S9_JavierNunez</ownerDesignName>
<engineerTo>
<item key="8D13F927-6039-61E8-2F65-B189F65A6F55" value="true"/>
</engineerTo>
<useDomainConstraints>false</useDomainConstraints>
<use>1</use>
<logicalDatatype>LOGDT019</logicalDatatype>
<dataTypePrecision>10</dataTypePrecision>
<ownDataTypeParameters>,10,</ownDataTypeParameters>
</Attribute>
<Attribute name="nombre_profesor" id="1197DB43-082A-47E5-FF99-9943714D547D">
<createdBy>javier</createdBy>
<createdTime>2024-10-06 15:33:53 UTC</createdTime>
<ownerDesignName>EFT_S9_JavierNunez</ownerDesignName>
<engineerTo>
<item key="8D13F927-6039-61E8-2F65-B189F65A6F55" value="true"/>
</engineerTo>
<useDomainConstraints>false</useDomainConstraints>
<use>1</use>
<logicalDatatype>LOGDT024</logicalDatatype>
<dataTypeSize>100</dataTypeSize>
<ownDataTypeParameters>100,,</ownDataTypeParameters>
</Attribute>
<Attribute name="tipo_contrato_profesor" id="4EEE15E8-374A-7DC7-82BF-D5AF106C4D29">
<createdBy>javier</createdBy>
<createdTime>2024-10-06 15:34:15 UTC</createdTime>
<ownerDesignName>EFT_S9_JavierNunez</ownerDesignName>
<engineerTo>
<item key="8D13F927-6039-61E8-2F65-B189F65A6F55" value="true"/>
</engineerTo>
<useDomainConstraints>false</useDomainConstraints>
<use>1</use>
<logicalDatatype>LOGDT024</logicalDatatype>
<dataTypeSize>20</dataTypeSize>
<ownDataTypeParameters>20,,</ownDataTypeParameters>
</Attribute>
<Attribute name="id_curso" id="600D5840-9343-7151-E87B-64D2E523D63D">
<createdBy>javier</createdBy>
<createdTime>2024-10-06 15:38:54 UTC</createdTime>
<generatorID>85569F0E-58F8-6CAD-683E-60A3FB481467</generatorID>
<ownerDesignName>EFT_S9_JavierNunez</ownerDesignName>
<engineerTo>
<item key="8D13F927-6039-61E8-2F65-B189F65A6F55" value="true"/>
</engineerTo>
<referedAttribute>B23DE2E5-64A8-35F7-73A7-9ED22996CCCC</referedAttribute>
<useDomainConstraints>false</useDomainConstraints>
<use>1</use>
<logicalDatatype>LOGDT019</logicalDatatype>
<dataTypePrecision>10</dataTypePrecision>
<ownDataTypeParameters>,,</ownDataTypeParameters>
</Attribute>
</attributes>
<identifiers itemClass="oracle.dbtools.crest.model.design.logical.CandidateKey">
<identifier id="F820602A-AD65-B468-67FD-CF0D8E2BB530" name="PROFESOR PK">
<createdBy>javier</createdBy>
<createdTime>2024-10-06 15:33:50 UTC</createdTime>
<ownerDesignName>EFT_S9_JavierNunez</ownerDesignName>
<shouldEngineer>false</shouldEngineer>
<engineerTo>
<item key="8D13F927-6039-61E8-2F65-B189F65A6F55" value="false"/>
</engineerTo>
<pk>true</pk>
<usedAttributes>
<attributeRef>11F241C3-B47E-2ED7-DB77-2DAA02981062</attributeRef>
</usedAttributes>
</identifier>
</identifiers>
</Entity>