<?xml version = '1.0' encoding = 'UTF-8'?>
<Entity class="oracle.dbtools.crest.model.design.logical.Entity" directorySegmentName="seg_0" id="35FB9B26-85BA-7E94-D401-CF668BCF4176" name="CURSO">
<createdBy>javier</createdBy>
<createdTime>2024-10-06 15:35:44 UTC</createdTime>
<ownerDesignName>EFT_S9_JavierNunez</ownerDesignName>
<engineerTo>
<item key="8D13F927-6039-61E8-2F65-B189F65A6F55" value="true"/>
</engineerTo>
<adequatelyNormalized>NO</adequatelyNormalized>
<expectedVolumes>0</expectedVolumes>
<fwdEngineeringStrategyName>Single Table</fwdEngineeringStrategyName>
<growthPercent>0</growthPercent>
<growthType>Year</growthType>
<maxVolumes>9999999</maxVolumes>
<minVolumes>0</minVolumes>
<normalForm>Third</normalForm>
<attributes itemClass="oracle.dbtools.crest.model.design.logical.Attribute">
<Attribute name="id_curso" id="B23DE2E5-64A8-35F7-73A7-9ED22996CCCC">
<createdBy>javier</createdBy>
<createdTime>2024-10-06 15:35:49 UTC</createdTime>
<ownerDesignName>EFT_S9_JavierNunez</ownerDesignName>
<engineerTo>
<item key="8D13F927-6039-61E8-2F65-B189F65A6F55" value="true"/>
</engineerTo>
<useDomainConstraints>false</useDomainConstraints>
<use>1</use>
<logicalDatatype>LOGDT019</logicalDatatype>
<dataTypePrecision>10</dataTypePrecision>
<ownDataTypeParameters>,10,</ownDataTypeParameters>
</Attribute>
<Attribute name="nombre_curso" id="9BBC5348-5D82-5488-DC9D-0DF40E6A76D5">
<createdBy>javier</createdBy>
<createdTime>2024-10-06 15:36:06 UTC</createdTime>
<ownerDesignName>EFT_S9_JavierNunez</ownerDesignName>
<engineerTo>
<item key="8D13F927-6039-61E8-2F65-B189F65A6F55" value="true"/>
</engineerTo>
<useDomainConstraints>false</useDomainConstraints>
<use>1</use>
<logicalDatatype>LOGDT024</logicalDatatype>
<dataTypeSize>30</dataTypeSize>
<ownDataTypeParameters>30,,</ownDataTypeParameters>
</Attribute>
<Attribute name="horario_curso" id="DBD3F874-932F-BEE3-D5FD-90347BF77DB1">
<createdBy>javier</createdBy>
<createdTime>2024-10-06 15:36:22 UTC</createdTime>
<ownerDesignName>EFT_S9_JavierNunez</ownerDesignName>
<engineerTo>
<item key="8D13F927-6039-61E8-2F65-B189F65A6F55" value="true"/>
</engineerTo>
<useDomainConstraints>false</useDomainConstraints>
<use>1</use>
<logicalDatatype>LOGDT024</logicalDatatype>
<dataTypeSize>20</dataTypeSize>
<ownDataTypeParameters>20,,</ownDataTypeParameters>
</Attribute>
<Attribute name="id_academia" id="60C28F56-CA87-41F6-0541-04154DCDE37A">
<createdBy>javier</createdBy>
<createdTime>2024-10-06 15:44:58 UTC</createdTime>
<generatorID>174E0739-0A33-6036-328C-29E56594E336</generatorID>
<ownerDesignName>EFT_S9_JavierNunez</ownerDesignName>
<engineerTo>
<item key="8D13F927-6039-61E8-2F65-B189F65A6F55" value="true"/>
</engineerTo>
<referedAttribute>5ACADC74-8727-7A9D-F0DB-01561B765368</referedAttribute>
<useDomainConstraints>false</useDomainConstraints>
<use>1</use>
<logicalDatatype>LOGDT019</logicalDatatype>
<dataTypePrecision>10</dataTypePrecision>
<ownDataTypeParameters>,,</ownDataTypeParameters>
</Attribute>
</attributes>
<identifiers itemClass="oracle.dbtools.crest.model.design.logical.CandidateKey">
<identifier id="A0515EC1-F28A-F432-1369-5A9A38B1E660" name="CURSO PK">
<createdBy>javier</createdBy>
<createdTime>2024-10-06 15:36:05 UTC</createdTime>
<ownerDesignName>EFT_S9_JavierNunez</ownerDesignName>
<shouldEngineer>false</shouldEngineer>
<engineerTo>
<item key="8D13F927-6039-61E8-2F65-B189F65A6F55" value="false"/>
</engineerTo>
<pk>true</pk>
<usedAttributes>
<attributeRef>B23DE2E5-64A8-35F7-73A7-9ED22996CCCC</attributeRef>
</usedAttributes>
</identifier>
</identifiers>
</Entity>