<?xml version = '1.0' encoding = 'UTF-8'?>
<Entity class="oracle.dbtools.crest.model.design.logical.Entity" directorySegmentName="seg_0" id="8DFCCC1C-D849-9C30-185D-3CA6B439258F" name="MUNICIPALIDAD">
<createdBy>javier</createdBy>
<createdTime>2024-10-06 15:34:39 UTC</createdTime>
<ownerDesignName>EFT_S9_JavierNunez</ownerDesignName>
<engineerTo>
<item key="8D13F927-6039-61E8-2F65-B189F65A6F55" value="true"/>
</engineerTo>
<adequatelyNormalized>NO</adequatelyNormalized>
<expectedVolumes>0</expectedVolumes>
<fwdEngineeringStrategyName>Single Table</fwdEngineeringStrategyName>
<growthPercent>0</growthPercent>
<growthType>Year</growthType>
<maxVolumes>9999999</maxVolumes>
<minVolumes>0</minVolumes>
<normalForm>Third</normalForm>
<attributes itemClass="oracle.dbtools.crest.model.design.logical.Attribute">
<Attribute name="id_municipalidad" id="1BCFDB4A-E96F-3E3E-74B9-2A33D424761E">
<createdBy>javier</createdBy>
<createdTime>2024-10-06 15:34:46 UTC</createdTime>
<ownerDesignName>EFT_S9_JavierNunez</ownerDesignName>
<engineerTo>
<item key="8D13F927-6039-61E8-2F65-B189F65A6F55" value="true"/>
</engineerTo>
<useDomainConstraints>false</useDomainConstraints>
<use>1</use>
<logicalDatatype>LOGDT019</logicalDatatype>
<dataTypePrecision>10</dataTypePrecision>
<ownDataTypeParameters>,10,</ownDataTypeParameters>
</Attribute>
<Attribute name="nombre_municipalidad" id="6C4943E9-6CA6-5044-7ED4-2A071960910C">
<createdBy>javier</createdBy>
<createdTime>2024-10-06 15:35:00 UTC</createdTime>
<ownerDesignName>EFT_S9_JavierNunez</ownerDesignName>
<engineerTo>
<item key="8D13F927-6039-61E8-2F65-B189F65A6F55" value="true"/>
</engineerTo>
<useDomainConstraints>false</useDomainConstraints>
<use>1</use>
<logicalDatatype>LOGDT024</logicalDatatype>
<dataTypeSize>100</dataTypeSize>
<ownDataTypeParameters>100,,</ownDataTypeParameters>
</Attribute>
<Attribute name="direccion_municipalidad" id="201E8B7D-6709-5061-51A0-A92DB68EA974">
<createdBy>javier</createdBy>
<createdTime>2024-10-06 15:35:13 UTC</createdTime>
<ownerDesignName>EFT_S9_JavierNunez</ownerDesignName>
<engineerTo>
<item key="8D13F927-6039-61E8-2F65-B189F65A6F55" value="true"/>
</engineerTo>
<useDomainConstraints>false</useDomainConstraints>
<use>1</use>
<logicalDatatype>LOGDT024</logicalDatatype>
<dataTypeSize>100</dataTypeSize>
<ownDataTypeParameters>100,,</ownDataTypeParameters>
</Attribute>
</attributes>
<identifiers itemClass="oracle.dbtools.crest.model.design.logical.CandidateKey">
<identifier id="E2864D7F-4A20-D2E7-E39B-F899E7938A98" name="MUNICIPALIDAD PK">
<createdBy>javier</createdBy>
<createdTime>2024-10-06 15:34:56 UTC</createdTime>
<ownerDesignName>EFT_S9_JavierNunez</ownerDesignName>
<shouldEngineer>false</shouldEngineer>
<engineerTo>
<item key="8D13F927-6039-61E8-2F65-B189F65A6F55" value="false"/>
</engineerTo>
<pk>true</pk>
<usedAttributes>
<attributeRef>1BCFDB4A-E96F-3E3E-74B9-2A33D424761E</attributeRef>
</usedAttributes>
</identifier>
</identifiers>
</Entity>