<?xml version = '1.0' encoding = 'UTF-8'?>
<Entity class="oracle.dbtools.crest.model.design.logical.Entity" directorySegmentName="seg_0" id="EFE3CBC1-B869-6C5A-45DF-6A509627E8DF" name="ACADEMIA">
<createdBy>javier</createdBy>
<createdTime>2024-10-06 15:31:14 UTC</createdTime>
<ownerDesignName>EFT_S9_JavierNunez</ownerDesignName>
<engineerTo>
<item key="8D13F927-6039-61E8-2F65-B189F65A6F55" value="true"/>
</engineerTo>
<adequatelyNormalized>NO</adequatelyNormalized>
<expectedVolumes>0</expectedVolumes>
<fwdEngineeringStrategyName>Single Table</fwdEngineeringStrategyName>
<growthPercent>0</growthPercent>
<growthType>Year</growthType>
<maxVolumes>9999999</maxVolumes>
<minVolumes>0</minVolumes>
<normalForm>Third</normalForm>
<attributes itemClass="oracle.dbtools.crest.model.design.logical.Attribute">
<Attribute name="id_academia" id="5ACADC74-8727-7A9D-F0DB-01561B765368">
<createdBy>javier</createdBy>
<createdTime>2024-10-06 15:31:26 UTC</createdTime>
<ownerDesignName>EFT_S9_JavierNunez</ownerDesignName>
<engineerTo>
<item key="8D13F927-6039-61E8-2F65-B189F65A6F55" value="true"/>
</engineerTo>
<useDomainConstraints>false</useDomainConstraints>
<use>1</use>
<logicalDatatype>LOGDT019</logicalDatatype>
<dataTypePrecision>10</dataTypePrecision>
<ownDataTypeParameters>,10,</ownDataTypeParameters>
</Attribute>
<Attribute name="nombre_academia" id="DD64B60F-B3E9-F3DD-0A09-EFF5A5534BC1">
<createdBy>javier</createdBy>
<createdTime>2024-10-06 15:31:50 UTC</createdTime>
<ownerDesignName>EFT_S9_JavierNunez</ownerDesignName>
<engineerTo>
<item key="8D13F927-6039-61E8-2F65-B189F65A6F55" value="true"/>
</engineerTo>
<useDomainConstraints>false</useDomainConstraints>
<use>1</use>
<logicalDatatype>LOGDT024</logicalDatatype>
<dataTypeSize>30</dataTypeSize>
<ownDataTypeParameters>30,,</ownDataTypeParameters>
</Attribute>
<Attribute name="direccion_academia" id="B24774B7-5D92-0E63-0CB7-230135A0DCB1">
<createdBy>javier</createdBy>
<createdTime>2024-10-06 15:32:23 UTC</createdTime>
<ownerDesignName>EFT_S9_JavierNunez</ownerDesignName>
<engineerTo>
<item key="8D13F927-6039-61E8-2F65-B189F65A6F55" value="true"/>
</engineerTo>
<useDomainConstraints>false</useDomainConstraints>
<use>1</use>
<logicalDatatype>LOGDT024</logicalDatatype>
<dataTypeSize>100</dataTypeSize>
<ownDataTypeParameters>100,,</ownDataTypeParameters>
</Attribute>
<Attribute name="id_director" id="266E3A94-596F-E4DF-465C-A4F872F4CD54">
<createdBy>javier</createdBy>
<createdTime>2024-10-06 15:32:59 UTC</createdTime>
<ownerDesignName>EFT_S9_JavierNunez</ownerDesignName>
<engineerTo>
<item key="8D13F927-6039-61E8-2F65-B189F65A6F55" value="true"/>
</engineerTo>
<useDomainConstraints>false</useDomainConstraints>
<use>1</use>
<logicalDatatype>LOGDT019</logicalDatatype>
<dataTypePrecision>10</dataTypePrecision>
<ownDataTypeParameters>,10,</ownDataTypeParameters>
</Attribute>
<Attribute name="id_municipalidad" id="A84A0E81-43B4-6A45-1C44-11E6271D7329">
<createdBy>javier</createdBy>
<createdTime>2024-10-06 15:38:40 UTC</createdTime>
<generatorID>EE1B4AF6-2F95-DD26-B398-2FBD5AB96107</generatorID>
<ownerDesignName>EFT_S9_JavierNunez</ownerDesignName>
<engineerTo>
<item key="8D13F927-6039-61E8-2F65-B189F65A6F55" value="true"/>
</engineerTo>
<referedAttribute>1BCFDB4A-E96F-3E3E-74B9-2A33D424761E</referedAttribute>
<useDomainConstraints>false</useDomainConstraints>
<use>1</use>
<logicalDatatype>LOGDT019</logicalDatatype>
<dataTypePrecision>10</dataTypePrecision>
<ownDataTypeParameters>,,</ownDataTypeParameters>
</Attribute>
<Attribute name="cantidad_profesores" id="ED7F4107-4BC1-2831-8111-F466790E091A">
<createdBy>javier</createdBy>
<createdTime>2024-10-06 15:47:38 UTC</createdTime>
<ownerDesignName>EFT_S9_JavierNunez</ownerDesignName>
<engineerTo>
<item key="8D13F927-6039-61E8-2F65-B189F65A6F55" value="true"/>
</engineerTo>
<useDomainConstraints>false</useDomainConstraints>
<use>1</use>
<logicalDatatype>LOGDT019</logicalDatatype>
<ownDataTypeParameters>,,</ownDataTypeParameters>
</Attribute>
</attributes>
<identifiers itemClass="oracle.dbtools.crest.model.design.logical.CandidateKey">
<identifier id="54E57F60-37A5-2D7A-A210-5AF65C5DDB73" name="ACADEMIA PK">
<createdBy>javier</createdBy>
<createdTime>2024-10-06 15:31:44 UTC</createdTime>
<ownerDesignName>EFT_S9_JavierNunez</ownerDesignName>
<shouldEngineer>false</shouldEngineer>
<engineerTo>
<item key="8D13F927-6039-61E8-2F65-B189F65A6F55" value="false"/>
</engineerTo>
<pk>true</pk>
<usedAttributes>
<attributeRef>5ACADC74-8727-7A9D-F0DB-01561B765368</attributeRef>
</usedAttributes>
</identifier>
</identifiers>
</Entity>