<?xml version = '1.0' encoding = 'UTF-8'?>
<Diagram class="oracle.dbtools.crest.swingui.logical.DPVLogical" name="Logical" id="6730AC75-BDE3-AB4D-18DD-81CF344392BB">
<createdBy>javier</createdBy>
<modifiedBy>javier</modifiedBy>
<createdTime>2024-10-06 15:31:14 UTC</createdTime>
<autoRoute>false</autoRoute>
<boxInbox>true</boxInbox>
<showLegend>false</showLegend>
<showLabels>false</showLabels>
<showRelAttributes>false</showRelAttributes>
<gridEnabled>false</gridEnabled>
<showGrid>false</showGrid>
<diagramColor>-1</diagramColor>
<display>false</display>
<notation>1</notation>
<objectViews>
<OView class="oracle.dbtools.crest.swingui.logical.TVEntity" oid="277768C0-2C43-FE5C-2773-930650627968" otype="Entity" vid="64CFF17B-4DC9-30AA-51D2-0D55ECF74207">
<hideElementsInCurrentOnly>false</hideElementsInCurrentOnly>
<bounds x="642" y="154" width="179" height="100"/>
</OView>
<OView class="oracle.dbtools.crest.swingui.logical.TVEntity" oid="35FB9B26-85BA-7E94-D401-CF668BCF4176" otype="Entity" vid="5CB8BE25-8379-DC72-8C84-1416F1CBB80D">
<hideElementsInCurrentOnly>false</hideElementsInCurrentOnly>
<bounds x="640" y="467" width="199" height="128"/>
</OView>
<OView class="oracle.dbtools.crest.swingui.logical.TVEntity" oid="8DFCCC1C-D849-9C30-185D-3CA6B439258F" otype="Entity" vid="F9232D52-2252-B43E-80DA-585E7F685DD8">
<hideElementsInCurrentOnly>false</hideElementsInCurrentOnly>
<bounds x="259" y="468" width="187" height="109"/>
</OView>
<OView class="oracle.dbtools.crest.swingui.logical.TVEntity" oid="EFE3CBC1-B869-6C5A-45DF-6A509627E8DF" otype="Entity" vid="C19A15D3-57CD-1E7D-5FD8-0F8CB3F2F0E4">
<hideElementsInCurrentOnly>false</hideElementsInCurrentOnly>
<bounds x="278" y="161" width="188" height="98"/>
</OView>
</objectViews>
<connectors>
<Connector class="oracle.dbtools.crest.swingui.logical.TVRelation" oid="174E0739-0A33-6036-328C-29E56594E336" otype="Relation" vid_source="C19A15D3-57CD-1E7D-5FD8-0F8CB3F2F0E4" vid_target="5CB8BE25-8379-DC72-8C84-1416F1CBB80D">
<hideElementsInCurrentOnly>false</hideElementsInCurrentOnly>
<backgroundColor>-16777216</backgroundColor>
<lineWidth>1</lineWidth>
<points>
<point x="428" y="259"/>
<point x="666" y="467"/>
</points>
</Connector>
<Connector class="oracle.dbtools.crest.swingui.logical.TVRelation" oid="85569F0E-58F8-6CAD-683E-60A3FB481467" otype="Relation" vid_source="5CB8BE25-8379-DC72-8C84-1416F1CBB80D" vid_target="64CFF17B-4DC9-30AA-51D2-0D55ECF74207">
<hideElementsInCurrentOnly>false</hideElementsInCurrentOnly>
<backgroundColor>-16777216</backgroundColor>
<lineWidth>1</lineWidth>
<points>
<point x="731" y="467"/>
<point x="731" y="254"/>
</points>
</Connector>
<Connector class="oracle.dbtools.crest.swingui.logical.TVRelation" oid="DB133020-B8F4-B0A6-7035-B1661AE322A1" otype="Relation" vid_source="64CFF17B-4DC9-30AA-51D2-0D55ECF74207" vid_target="C19A15D3-57CD-1E7D-5FD8-0F8CB3F2F0E4">
<hideElementsInCurrentOnly>false</hideElementsInCurrentOnly>
<backgroundColor>-16777216</backgroundColor>
<lineWidth>1</lineWidth>
<points>
<point x="642" y="222"/>
<point x="466" y="222"/>
</points>
</Connector>
<Connector class="oracle.dbtools.crest.swingui.logical.TVRelation" oid="EE1B4AF6-2F95-DD26-B398-2FBD5AB96107" otype="Relation" vid_source="F9232D52-2252-B43E-80DA-585E7F685DD8" vid_target="C19A15D3-57CD-1E7D-5FD8-0F8CB3F2F0E4">
<hideElementsInCurrentOnly>false</hideElementsInCurrentOnly>
<backgroundColor>-16777216</backgroundColor>
<lineWidth>1</lineWidth>
<points>
<point x="362" y="468"/>
<point x="362" y="259"/>
</points>
</Connector>
</connectors>
</Diagram>