<?xml version = '1.0' encoding = 'UTF-8'?>
<Diagram class="oracle.dbtools.crest.swingui.relational.DPVRelational" name="Relational_1" id="379744B8-947A-3A86-601C-5B3824B9F6B1">
<createdBy>javier</createdBy>
<modifiedBy>javier</modifiedBy>
<createdTime>2024-10-06 15:41:54 UTC</createdTime>
<autoRoute>false</autoRoute>
<boxInbox>true</boxInbox>
<showLegend>false</showLegend>
<showLabels>false</showLabels>
<showRelAttributes>false</showRelAttributes>
<gridEnabled>false</gridEnabled>
<showGrid>false</showGrid>
<diagramColor>-1</diagramColor>
<display>false</display>
<notation>1</notation>
<objectViews>
<OView class="oracle.dbtools.crest.swingui.relational.TVTable" oid="1BCA705B-00D0-D024-1B17-CD6D08BAFBD5" otype="Table" vid="F7137A05-5625-5F7F-95D3-13DE42302EA8">
<hideElementsInCurrentOnly>false</hideElementsInCurrentOnly>
<bounds x="491" y="604" width="279" height="132"/>
</OView>
<OView class="oracle.dbtools.crest.swingui.relational.TVTable" oid="31D817F8-FCC0-A9BB-117A-0B16F6350863" otype="Table" vid="559A6AA6-65CF-1BE4-9DD7-EC3BD951D194">
<hideElementsInCurrentOnly>false</hideElementsInCurrentOnly>
<bounds x="435" y="78" width="352" height="117"/>
</OView>
<OView class="oracle.dbtools.crest.swingui.relational.TVTable" oid="97E59C36-8350-09E8-975D-E88F018509AA" otype="Table" vid="F39F206C-3F5F-E7F7-F940-DE2D38FE5F9F">
<hideElementsInCurrentOnly>false</hideElementsInCurrentOnly>
<bounds x="73" y="639" width="272" height="103"/>
</OView>
<OView class="oracle.dbtools.crest.swingui.relational.TVTable" oid="9A0CF61F-662D-D311-D826-60E2426F3486" otype="Table" vid="8C2958D5-A317-8499-982D-4F938FE9EB62">
<hideElementsInCurrentOnly>false</hideElementsInCurrentOnly>
<bounds x="41" y="322" width="370" height="152"/>
</OView>
<OView class="oracle.dbtools.crest.swingui.relational.TVTable" oid="D0175FAC-97A7-AA62-1148-29F6F1480EA5" otype="Table" vid="45504F7B-D9CE-D00F-3B92-D63A92DE1F1A">
<hideElementsInCurrentOnly>false</hideElementsInCurrentOnly>
<bounds x="832" y="320" width="248" height="147"/>
</OView>
</objectViews>
<connectors>
<Connector class="oracle.dbtools.crest.swingui.relational.TVFKRelation" oid="47723EA4-06A0-4F1A-BD5D-E37CCA1FF890" otype="FKIndexAssociation" vid_source="F7137A05-5625-5F7F-95D3-13DE42302EA8" vid_target="45504F7B-D9CE-D00F-3B92-D63A92DE1F1A">
<hideElementsInCurrentOnly>false</hideElementsInCurrentOnly>
<backgroundColor>-16777216</backgroundColor>
<lineWidth>1</lineWidth>
<points>
<point x="708" y="604"/>
<point x="869" y="467"/>
</points>
</Connector>
<Connector class="oracle.dbtools.crest.swingui.relational.TVFKRelation" oid="9694E911-2AAE-D087-0C18-9F5C3CD0FE1A" otype="FKIndexAssociation" vid_source="8C2958D5-A317-8499-982D-4F938FE9EB62" vid_target="F7137A05-5625-5F7F-95D3-13DE42302EA8">
<hideElementsInCurrentOnly>false</hideElementsInCurrentOnly>
<backgroundColor>-16777216</backgroundColor>
<lineWidth>1</lineWidth>
<points>
<point x="339" y="474"/>
<point x="532" y="604"/>
</points>
</Connector>
<Connector class="oracle.dbtools.crest.swingui.relational.TVFKRelation" oid="9F8925DD-0C5B-FC10-5F4E-2CF66C51A42E" otype="FKIndexAssociation" vid_source="45504F7B-D9CE-D00F-3B92-D63A92DE1F1A" vid_target="559A6AA6-65CF-1BE4-9DD7-EC3BD951D194">
<hideElementsInCurrentOnly>false</hideElementsInCurrentOnly>
<backgroundColor>-16777216</backgroundColor>
<lineWidth>1</lineWidth>
<points>
<point x="857" y="320"/>
<point x="689" y="195"/>
</points>
</Connector>
<Connector class="oracle.dbtools.crest.swingui.relational.TVFKRelation" oid="C66C6BD5-03BF-FB1C-DE83-B014CA15FCBD" otype="FKIndexAssociation" vid_source="F39F206C-3F5F-E7F7-F940-DE2D38FE5F9F" vid_target="8C2958D5-A317-8499-982D-4F938FE9EB62">
<hideElementsInCurrentOnly>false</hideElementsInCurrentOnly>
<backgroundColor>-16777216</backgroundColor>
<lineWidth>1</lineWidth>
<points>
<point x="209" y="639"/>
<point x="209" y="474"/>
</points>
</Connector>
<Connector class="oracle.dbtools.crest.swingui.relational.TVFKRelation" oid="DA4A7673-5263-6BB4-6236-589BC89D64B6" otype="FKIndexAssociation" vid_source="8C2958D5-A317-8499-982D-4F938FE9EB62" vid_target="559A6AA6-65CF-1BE4-9DD7-EC3BD951D194">
<hideElementsInCurrentOnly>false</hideElementsInCurrentOnly>
<backgroundColor>-16777216</backgroundColor>
<lineWidth>1</lineWidth>
<points>
<point x="372" y="322"/>
<point x="522" y="195"/>
</points>
</Connector>
</connectors>
</Diagram>