<?xml version = '1.0' encoding = 'UTF-8'?>
<relationalModel class="oracle.dbtools.crest.model.design.relational.RelationalDesign" name="Relational_1" id="8D13F927-6039-61E8-2F65-B189F65A6F55" mainViewID="379744B8-947A-3A86-601C-5B3824B9F6B1">
<createdBy>javier</createdBy>
<createdTime>2024-10-06 15:30:58 UTC</createdTime>
<ownerDesignName>EFT_S9_JavierNunez</ownerDesignName>
<shouldBeOpen>false</shouldBeOpen>
<selectedRDBMSSite>32076570-2523-435C-2E92-BF29817DFF70</selectedRDBMSSite>
</relationalModel>