<?xml version = '1.0' encoding = 'UTF-8'?>
<Table class="oracle.dbtools.crest.model.design.relational.Table" directorySegmentName="seg_0" id="1BCA705B-00D0-D024-1B17-CD6D08BAFBD5" name="CURSO">
<createdBy>javier</createdBy>
<createdTime>2024-10-06 15:41:54 UTC</createdTime>
<generatorID>35FB9B26-85BA-7E94-D401-CF668BCF4176</generatorID>
<ownerDesignName>EFT_S9_JavierNunez</ownerDesignName>
<allowColumnReorder>false</allowColumnReorder>
<existDependencyGenerateInDDl>true</existDependencyGenerateInDDl>
<parsed>true</parsed>
<columns itemClass="oracle.dbtools.crest.model.design.relational.Column">
<Column name="id_curso" id="D8A7A147-8B66-15DF-BD46-0523B8B976D7">
<createdBy>javier</createdBy>
<createdTime>2024-10-06 15:41:54 UTC</createdTime>
<generatorID>B23DE2E5-64A8-35F7-73A7-9ED22996CCCC</generatorID>
<ownerDesignName>EFT_S9_JavierNunez</ownerDesignName>
<useDomainConstraints>false</useDomainConstraints>
<use>1</use>
<logicalDatatype>LOGDT019</logicalDatatype>
<dataTypePrecision>10</dataTypePrecision>
<ownDataTypeParameters>,10,</ownDataTypeParameters>
<autoIncrementCycle>false</autoIncrementCycle>
</Column>
<Column name="nombre_curso" id="2DF3A0E7-0592-0815-AC5D-BAF4A65C0E9C">
<createdBy>javier</createdBy>
<createdTime>2024-10-06 15:41:54 UTC</createdTime>
<generatorID>9BBC5348-5D82-5488-DC9D-0DF40E6A76D5</generatorID>
<ownerDesignName>EFT_S9_JavierNunez</ownerDesignName>
<useDomainConstraints>false</useDomainConstraints>
<use>1</use>
<logicalDatatype>LOGDT024</logicalDatatype>
<dataTypeSize>30</dataTypeSize>
<ownDataTypeParameters>30,,</ownDataTypeParameters>
<autoIncrementCycle>false</autoIncrementCycle>
</Column>
<Column name="horario_curso" id="9122B40B-6B3F-94A3-A959-4554B8F6636A">
<createdBy>javier</createdBy>
<createdTime>2024-10-06 15:41:54 UTC</createdTime>
<generatorID>DBD3F874-932F-BEE3-D5FD-90347BF77DB1</generatorID>
<ownerDesignName>EFT_S9_JavierNunez</ownerDesignName>
<useDomainConstraints>false</useDomainConstraints>
<use>1</use>
<logicalDatatype>LOGDT024</logicalDatatype>
<dataTypeSize>20</dataTypeSize>
<ownDataTypeParameters>20,,</ownDataTypeParameters>
<autoIncrementCycle>false</autoIncrementCycle>
</Column>
<Column name="ACADEMIA_id_academia" id="752904C7-B263-1629-A210-E90D871C6788">
<createdBy>javier</createdBy>
<createdTime>2024-10-06 15:48:44 UTC</createdTime>
<generatorID>60C28F56-CA87-41F6-0541-04154DCDE37A</generatorID>
<ownerDesignName>EFT_S9_JavierNunez</ownerDesignName>
<useDomainConstraints>false</useDomainConstraints>
<use>1</use>
<logicalDatatype>LOGDT019</logicalDatatype>
<dataTypePrecision>10</dataTypePrecision>
<ownDataTypeParameters>,,</ownDataTypeParameters>
<previousColumn>false</previousColumn>
<autoIncrementCycle>false</autoIncrementCycle>
<associations>
<colAssociation fkAssociation="9694E911-2AAE-D087-0C18-9F5C3CD0FE1A" referredColumn="1E0985EA-16A7-4DA0-7D3B-64424B23B4B3"/>
</associations>
</Column>
</columns>
<indexes itemClass="oracle.dbtools.crest.model.design.relational.Index">
<ind_PK_UK id="69C1C99A-50F5-2AA4-91AF-6A268D06F8EE" name="CURSO_PK">
<createdBy>javier</createdBy>
<createdTime>2024-10-06 15:41:54 UTC</createdTime>
<generatorID>A0515EC1-F28A-F432-1369-5A9A38B1E660</generatorID>
<ownerDesignName>EFT_S9_JavierNunez</ownerDesignName>
<pk>true</pk>
<indexState>Primary Constraint</indexState>
<isSurrogateKey>false</isSurrogateKey>
<indexColumnUsage>
<colUsage columnID="D8A7A147-8B66-15DF-BD46-0523B8B976D7"/>
</indexColumnUsage>
</ind_PK_UK>
<ind_PK_UK id="421CCBCA-0A0C-309E-71D4-FFBD0C347A95" name="CURSO_ACADEMIA_FK">
<createdBy>javier</createdBy>
<createdTime>2024-10-06 15:48:44 UTC</createdTime>
<generatorID>174E0739-0A33-6036-328C-29E56594E336</generatorID>
<ownerDesignName>EFT_S9_JavierNunez</ownerDesignName>
<indexState>Foreign Key</indexState>
<isSurrogateKey>false</isSurrogateKey>
<indexColumnUsage>
<colUsage columnID="752904C7-B263-1629-A210-E90D871C6788"/>
</indexColumnUsage>
</ind_PK_UK>
</indexes>
</Table>