<?xml version = '1.0' encoding = 'UTF-8'?>
<Table class="oracle.dbtools.crest.model.design.relational.Table" directorySegmentName="seg_0" id="31D817F8-FCC0-A9BB-117A-0B16F6350863" name="Relation_5">
<createdBy>javier</createdBy>
<createdTime>2024-10-06 15:48:44 UTC</createdTime>
<ownerDesignName>EFT_S9_JavierNunez</ownerDesignName>
<allowColumnReorder>false</allowColumnReorder>
<existDependencyGenerateInDDl>true</existDependencyGenerateInDDl>
<parsed>true</parsed>
<columns itemClass="oracle.dbtools.crest.model.design.relational.Column">
<Column name="PROFESOR_id_profesor" id="0C322B56-177F-878B-47A2-82E8A94DB021">
<createdBy>javier</createdBy>
<createdTime>2024-10-06 15:48:44 UTC</createdTime>
<ownerDesignName>EFT_S9_JavierNunez</ownerDesignName>
<useDomainConstraints>false</useDomainConstraints>
<use>1</use>
<logicalDatatype>LOGDT019</logicalDatatype>
<dataTypePrecision>10</dataTypePrecision>
<ownDataTypeParameters>,,</ownDataTypeParameters>
<previousColumn>false</previousColumn>
<autoIncrementCycle>false</autoIncrementCycle>
<associations>
<colAssociation fkAssociation="9F8925DD-0C5B-FC10-5F4E-2CF66C51A42E" referredColumn="0068967D-3FC4-DBCF-BA43-F6FDCB49085B"/>
</associations>
</Column>
<Column name="ACADEMIA_id_academia" id="3EA13ACA-0AF2-D639-2448-AD653A0C10EC">
<createdBy>javier</createdBy>
<createdTime>2024-10-06 15:48:44 UTC</createdTime>
<ownerDesignName>EFT_S9_JavierNunez</ownerDesignName>
<useDomainConstraints>false</useDomainConstraints>
<use>1</use>
<logicalDatatype>LOGDT019</logicalDatatype>
<dataTypePrecision>10</dataTypePrecision>
<ownDataTypeParameters>,,</ownDataTypeParameters>
<previousColumn>false</previousColumn>
<autoIncrementCycle>false</autoIncrementCycle>
<associations>
<colAssociation fkAssociation="DA4A7673-5263-6BB4-6236-589BC89D64B6" referredColumn="1E0985EA-16A7-4DA0-7D3B-64424B23B4B3"/>
</associations>
</Column>
</columns>
<indexes itemClass="oracle.dbtools.crest.model.design.relational.Index">
<ind_PK_UK id="94A88BC6-BA78-9CF9-6AFF-18BDA3D59C41" name="Relation_5_PK">
<createdBy>javier</createdBy>
<createdTime>2024-10-06 15:48:44 UTC</createdTime>
<ownerDesignName>EFT_S9_JavierNunez</ownerDesignName>
<pk>true</pk>
<indexState>Primary Constraint</indexState>
<isSurrogateKey>false</isSurrogateKey>
<indexColumnUsage>
<colUsage columnID="0C322B56-177F-878B-47A2-82E8A94DB021"/>
<colUsage columnID="3EA13ACA-0AF2-D639-2448-AD653A0C10EC"/>
</indexColumnUsage>
</ind_PK_UK>
<ind_PK_UK id="F34D0462-767A-FF9B-F244-5341C70A5AEE" name="Relation_5_PROFESOR_FK">
<createdBy>javier</createdBy>
<createdTime>2024-10-06 15:48:44 UTC</createdTime>
<generatorID>DB133020-B8F4-B0A6-7035-B1661AE322A1</generatorID>
<ownerDesignName>EFT_S9_JavierNunez</ownerDesignName>
<indexState>Foreign Key</indexState>
<isSurrogateKey>false</isSurrogateKey>
<indexColumnUsage>
<colUsage columnID="0C322B56-177F-878B-47A2-82E8A94DB021"/>
</indexColumnUsage>
</ind_PK_UK>
<ind_PK_UK id="E49CE44C-3FEC-4C60-AAEC-884B4779E18D" name="Relation_5_ACADEMIA_FK">
<createdBy>javier</createdBy>
<createdTime>2024-10-06 15:48:44 UTC</createdTime>
<generatorID>DB133020-B8F4-B0A6-7035-B1661AE322A1</generatorID>
<ownerDesignName>EFT_S9_JavierNunez</ownerDesignName>
<indexState>Foreign Key</indexState>
<isSurrogateKey>false</isSurrogateKey>
<indexColumnUsage>
<colUsage columnID="3EA13ACA-0AF2-D639-2448-AD653A0C10EC"/>
</indexColumnUsage>
</ind_PK_UK>
</indexes>
</Table>