<?xml version = '1.0' encoding = 'UTF-8'?>
<Table class="oracle.dbtools.crest.model.design.relational.Table" directorySegmentName="seg_0" id="97E59C36-8350-09E8-975D-E88F018509AA" name="MUNICIPALIDAD">
<createdBy>javier</createdBy>
<createdTime>2024-10-06 15:41:54 UTC</createdTime>
<generatorID>8DFCCC1C-D849-9C30-185D-3CA6B439258F</generatorID>
<ownerDesignName>EFT_S9_JavierNunez</ownerDesignName>
<allowColumnReorder>false</allowColumnReorder>
<existDependencyGenerateInDDl>true</existDependencyGenerateInDDl>
<parsed>true</parsed>
<columns itemClass="oracle.dbtools.crest.model.design.relational.Column">
<Column name="id_municipalidad" id="2CE32EA6-796A-CE61-CFFC-6078CDE86C2D">
<createdBy>javier</createdBy>
<createdTime>2024-10-06 15:41:54 UTC</createdTime>
<generatorID>1BCFDB4A-E96F-3E3E-74B9-2A33D424761E</generatorID>
<ownerDesignName>EFT_S9_JavierNunez</ownerDesignName>
<useDomainConstraints>false</useDomainConstraints>
<use>1</use>
<logicalDatatype>LOGDT019</logicalDatatype>
<dataTypePrecision>10</dataTypePrecision>
<ownDataTypeParameters>,10,</ownDataTypeParameters>
<autoIncrementCycle>false</autoIncrementCycle>
</Column>
<Column name="nombre_municipalidad" id="FA85970A-E649-2279-E399-63BDEC9BB733">
<createdBy>javier</createdBy>
<createdTime>2024-10-06 15:41:54 UTC</createdTime>
<generatorID>6C4943E9-6CA6-5044-7ED4-2A071960910C</generatorID>
<ownerDesignName>EFT_S9_JavierNunez</ownerDesignName>
<useDomainConstraints>false</useDomainConstraints>
<use>1</use>
<logicalDatatype>LOGDT024</logicalDatatype>
<dataTypeSize>100</dataTypeSize>
<ownDataTypeParameters>100,,</ownDataTypeParameters>
<autoIncrementCycle>false</autoIncrementCycle>
</Column>
<Column name="direccion_municipalidad" id="74EFE21E-EC2E-A639-B193-CCC2A17D23EF">
<createdBy>javier</createdBy>
<createdTime>2024-10-06 15:41:54 UTC</createdTime>
<generatorID>201E8B7D-6709-5061-51A0-A92DB68EA974</generatorID>
<ownerDesignName>EFT_S9_JavierNunez</ownerDesignName>
<useDomainConstraints>false</useDomainConstraints>
<use>1</use>
<logicalDatatype>LOGDT024</logicalDatatype>
<dataTypeSize>100</dataTypeSize>
<ownDataTypeParameters>100,,</ownDataTypeParameters>
<autoIncrementCycle>false</autoIncrementCycle>
</Column>
</columns>
<indexes itemClass="oracle.dbtools.crest.model.design.relational.Index">
<ind_PK_UK id="650323B2-1AFB-D17D-D2CE-1643FA8D83C6" name="MUNICIPALIDAD_PK">
<createdBy>javier</createdBy>
<createdTime>2024-10-06 15:41:54 UTC</createdTime>
<generatorID>E2864D7F-4A20-D2E7-E39B-F899E7938A98</generatorID>
<ownerDesignName>EFT_S9_JavierNunez</ownerDesignName>
<pk>true</pk>
<indexState>Primary Constraint</indexState>
<isSurrogateKey>false</isSurrogateKey>
<indexColumnUsage>
<colUsage columnID="2CE32EA6-796A-CE61-CFFC-6078CDE86C2D"/>
</indexColumnUsage>
</ind_PK_UK>
</indexes>
</Table>