<?xml version = '1.0' encoding = 'UTF-8'?>
<Table class="oracle.dbtools.crest.model.design.relational.Table" directorySegmentName="seg_0" id="9A0CF61F-662D-D311-D826-60E2426F3486" name="ACADEMIA">
<createdBy>javier</createdBy>
<createdTime>2024-10-06 15:41:54 UTC</createdTime>
<generatorID>EFE3CBC1-B869-6C5A-45DF-6A509627E8DF</generatorID>
<ownerDesignName>EFT_S9_JavierNunez</ownerDesignName>
<allowColumnReorder>false</allowColumnReorder>
<existDependencyGenerateInDDl>true</existDependencyGenerateInDDl>
<parsed>true</parsed>
<columns itemClass="oracle.dbtools.crest.model.design.relational.Column">
<Column name="id_academia" id="1E0985EA-16A7-4DA0-7D3B-64424B23B4B3">
<createdBy>javier</createdBy>
<createdTime>2024-10-06 15:41:54 UTC</createdTime>
<generatorID>5ACADC74-8727-7A9D-F0DB-01561B765368</generatorID>
<ownerDesignName>EFT_S9_JavierNunez</ownerDesignName>
<useDomainConstraints>false</useDomainConstraints>
<use>1</use>
<logicalDatatype>LOGDT019</logicalDatatype>
<dataTypePrecision>10</dataTypePrecision>
<ownDataTypeParameters>,10,</ownDataTypeParameters>
<autoIncrementCycle>false</autoIncrementCycle>
</Column>
<Column name="nombre_academia" id="B481F552-649A-AEDC-B17F-2186D8D3143C">
<createdBy>javier</createdBy>
<createdTime>2024-10-06 15:41:54 UTC</createdTime>
<generatorID>DD64B60F-B3E9-F3DD-0A09-EFF5A5534BC1</generatorID>
<ownerDesignName>EFT_S9_JavierNunez</ownerDesignName>
<useDomainConstraints>false</useDomainConstraints>
<use>1</use>
<logicalDatatype>LOGDT024</logicalDatatype>
<dataTypeSize>30</dataTypeSize>
<ownDataTypeParameters>30,,</ownDataTypeParameters>
<autoIncrementCycle>false</autoIncrementCycle>
</Column>
<Column name="direccion_academia" id="375E5652-480A-21F3-A9DD-4BA64A8DC5A1">
<createdBy>javier</createdBy>
<createdTime>2024-10-06 15:41:54 UTC</createdTime>
<generatorID>B24774B7-5D92-0E63-0CB7-230135A0DCB1</generatorID>
<ownerDesignName>EFT_S9_JavierNunez</ownerDesignName>
<useDomainConstraints>false</useDomainConstraints>
<use>1</use>
<logicalDatatype>LOGDT024</logicalDatatype>
<dataTypeSize>100</dataTypeSize>
<ownDataTypeParameters>100,,</ownDataTypeParameters>
<autoIncrementCycle>false</autoIncrementCycle>
</Column>
<Column name="id_director" id="A93A3128-EE2D-9E2D-71F3-6BFC1AF9C6C3">
<createdBy>javier</createdBy>
<createdTime>2024-10-06 15:41:54 UTC</createdTime>
<generatorID>266E3A94-596F-E4DF-465C-A4F872F4CD54</generatorID>
<ownerDesignName>EFT_S9_JavierNunez</ownerDesignName>
<useDomainConstraints>false</useDomainConstraints>
<use>1</use>
<logicalDatatype>LOGDT019</logicalDatatype>
<dataTypePrecision>10</dataTypePrecision>
<ownDataTypeParameters>,10,</ownDataTypeParameters>
<autoIncrementCycle>false</autoIncrementCycle>
</Column>
<Column name="MUNICIPALIDAD_id_municipalidad" id="F80E8189-76CC-A4FB-1A43-67CA0807DB22">
<createdBy>javier</createdBy>
<createdTime>2024-10-06 15:41:54 UTC</createdTime>
<generatorID>A84A0E81-43B4-6A45-1C44-11E6271D7329</generatorID>
<ownerDesignName>EFT_S9_JavierNunez</ownerDesignName>
<useDomainConstraints>false</useDomainConstraints>
<use>1</use>
<logicalDatatype>LOGDT019</logicalDatatype>
<dataTypePrecision>10</dataTypePrecision>
<ownDataTypeParameters>,,</ownDataTypeParameters>
<previousColumn>false</previousColumn>
<autoIncrementCycle>false</autoIncrementCycle>
<associations>
<colAssociation fkAssociation="C66C6BD5-03BF-FB1C-DE83-B014CA15FCBD" referredColumn="2CE32EA6-796A-CE61-CFFC-6078CDE86C2D"/>
</associations>
</Column>
<Column name="cantidad_profesores" id="3AEB0A51-1B70-9081-374F-404AD34FA03F">
<createdBy>javier</createdBy>
<createdTime>2024-10-06 15:48:44 UTC</createdTime>
<generatorID>ED7F4107-4BC1-2831-8111-F466790E091A</generatorID>
<ownerDesignName>EFT_S9_JavierNunez</ownerDesignName>
<useDomainConstraints>false</useDomainConstraints>
<use>1</use>
<logicalDatatype>LOGDT019</logicalDatatype>
<ownDataTypeParameters>,,</ownDataTypeParameters>
<autoIncrementCycle>false</autoIncrementCycle>
</Column>
</columns>
<indexes itemClass="oracle.dbtools.crest.model.design.relational.Index">
<ind_PK_UK id="E93948F7-6869-8776-AEFA-A3F3B51D6369" name="ACADEMIA_PK">
<createdBy>javier</createdBy>
<createdTime>2024-10-06 15:41:54 UTC</createdTime>
<generatorID>54E57F60-37A5-2D7A-A210-5AF65C5DDB73</generatorID>
<ownerDesignName>EFT_S9_JavierNunez</ownerDesignName>
<pk>true</pk>
<indexState>Primary Constraint</indexState>
<isSurrogateKey>false</isSurrogateKey>
<indexColumnUsage>
<colUsage columnID="1E0985EA-16A7-4DA0-7D3B-64424B23B4B3"/>
</indexColumnUsage>
</ind_PK_UK>
<ind_PK_UK id="B7B9298A-5E98-4646-56E0-29DCB409EFDC" name="ACADEMIA_MUNICIPALIDAD_FK">
<createdBy>javier</createdBy>
<createdTime>2024-10-06 15:41:54 UTC</createdTime>
<generatorID>EE1B4AF6-2F95-DD26-B398-2FBD5AB96107</generatorID>
<ownerDesignName>EFT_S9_JavierNunez</ownerDesignName>
<indexState>Foreign Key</indexState>
<isSurrogateKey>false</isSurrogateKey>
<indexColumnUsage>
<colUsage columnID="F80E8189-76CC-A4FB-1A43-67CA0807DB22"/>
</indexColumnUsage>
</ind_PK_UK>
</indexes>
</Table>