<?xml version = '1.0' encoding = 'UTF-8'?>
<Table class="oracle.dbtools.crest.model.design.relational.Table" directorySegmentName="seg_0" id="D0175FAC-97A7-AA62-1148-29F6F1480EA5" name="PROFESOR">
<createdBy>javier</createdBy>
<createdTime>2024-10-06 15:41:54 UTC</createdTime>
<generatorID>277768C0-2C43-FE5C-2773-930650627968</generatorID>
<ownerDesignName>EFT_S9_JavierNunez</ownerDesignName>
<allowColumnReorder>false</allowColumnReorder>
<existDependencyGenerateInDDl>true</existDependencyGenerateInDDl>
<parsed>true</parsed>
<columns itemClass="oracle.dbtools.crest.model.design.relational.Column">
<Column name="id_profesor" id="0068967D-3FC4-DBCF-BA43-F6FDCB49085B">
<createdBy>javier</createdBy>
<createdTime>2024-10-06 15:41:54 UTC</createdTime>
<generatorID>11F241C3-B47E-2ED7-DB77-2DAA02981062</generatorID>
<ownerDesignName>EFT_S9_JavierNunez</ownerDesignName>
<useDomainConstraints>false</useDomainConstraints>
<use>1</use>
<logicalDatatype>LOGDT019</logicalDatatype>
<dataTypePrecision>10</dataTypePrecision>
<ownDataTypeParameters>,10,</ownDataTypeParameters>
<autoIncrementCycle>false</autoIncrementCycle>
</Column>
<Column name="nombre_profesor" id="91AFF84A-1C01-995B-7735-3554EAD599A7">
<createdBy>javier</createdBy>
<createdTime>2024-10-06 15:41:54 UTC</createdTime>
<generatorID>1197DB43-082A-47E5-FF99-9943714D547D</generatorID>
<ownerDesignName>EFT_S9_JavierNunez</ownerDesignName>
<useDomainConstraints>false</useDomainConstraints>
<use>1</use>
<logicalDatatype>LOGDT024</logicalDatatype>
<dataTypeSize>100</dataTypeSize>
<ownDataTypeParameters>100,,</ownDataTypeParameters>
<autoIncrementCycle>false</autoIncrementCycle>
</Column>
<Column name="tipo_contrato_profesor" id="331C8CBC-CA31-A502-6E6A-BA97BC806736">
<createdBy>javier</createdBy>
<createdTime>2024-10-06 15:41:54 UTC</createdTime>
<generatorID>4EEE15E8-374A-7DC7-82BF-D5AF106C4D29</generatorID>
<ownerDesignName>EFT_S9_JavierNunez</ownerDesignName>
<useDomainConstraints>false</useDomainConstraints>
<use>1</use>
<logicalDatatype>LOGDT024</logicalDatatype>
<dataTypeSize>20</dataTypeSize>
<ownDataTypeParameters>20,,</ownDataTypeParameters>
<autoIncrementCycle>false</autoIncrementCycle>
</Column>
<Column name="CURSO_id_curso" id="7C66D048-5880-A9D5-C209-087B0E6AE99D">
<createdBy>javier</createdBy>
<createdTime>2024-10-06 15:41:54 UTC</createdTime>
<generatorID>600D5840-9343-7151-E87B-64D2E523D63D</generatorID>
<ownerDesignName>EFT_S9_JavierNunez</ownerDesignName>
<useDomainConstraints>false</useDomainConstraints>
<use>1</use>
<logicalDatatype>LOGDT019</logicalDatatype>
<dataTypePrecision>10</dataTypePrecision>
<ownDataTypeParameters>,,</ownDataTypeParameters>
<previousColumn>false</previousColumn>
<autoIncrementCycle>false</autoIncrementCycle>
<associations>
<colAssociation fkAssociation="47723EA4-06A0-4F1A-BD5D-E37CCA1FF890" referredColumn="D8A7A147-8B66-15DF-BD46-0523B8B976D7"/>
</associations>
</Column>
</columns>
<indexes itemClass="oracle.dbtools.crest.model.design.relational.Index">
<ind_PK_UK id="ADD1E58A-FFD5-CB5E-C3B9-BC09D39DB3B1" name="PROFESOR_PK">
<createdBy>javier</createdBy>
<createdTime>2024-10-06 15:41:54 UTC</createdTime>
<generatorID>F820602A-AD65-B468-67FD-CF0D8E2BB530</generatorID>
<ownerDesignName>EFT_S9_JavierNunez</ownerDesignName>
<pk>true</pk>
<indexState>Primary Constraint</indexState>
<isSurrogateKey>false</isSurrogateKey>
<indexColumnUsage>
<colUsage columnID="0068967D-3FC4-DBCF-BA43-F6FDCB49085B"/>
</indexColumnUsage>
</ind_PK_UK>
<ind_PK_UK id="901EEA22-DA57-F563-53E0-54E804CF3986" name="PROFESOR__IDX">
<createdBy>javier</createdBy>
<createdTime>2024-10-06 15:41:54 UTC</createdTime>
<ownerDesignName>EFT_S9_JavierNunez</ownerDesignName>
<indexState>Unique Plain Index</indexState>
<isSurrogateKey>false</isSurrogateKey>
<relationGeneratorID>85569F0E-58F8-6CAD-683E-60A3FB481467</relationGeneratorID>
<indexColumnUsage>
<colUsage columnID="7C66D048-5880-A9D5-C209-087B0E6AE99D"/>
</indexColumnUsage>
</ind_PK_UK>
<ind_PK_UK id="AF60CC22-E7C8-21DA-BB34-9392E2A48D14" name="PROFESOR_CURSO_FK">
<createdBy>javier</createdBy>
<createdTime>2024-10-06 15:41:54 UTC</createdTime>
<generatorID>85569F0E-58F8-6CAD-683E-60A3FB481467</generatorID>
<ownerDesignName>EFT_S9_JavierNunez</ownerDesignName>
<indexState>Foreign Key</indexState>
<isSurrogateKey>false</isSurrogateKey>
<indexColumnUsage>
<colUsage columnID="7C66D048-5880-A9D5-C209-087B0E6AE99D"/>
</indexColumnUsage>
</ind_PK_UK>
</indexes>
</Table>