<?xml version = '1.0' encoding = 'UTF-8'?>
<FKIndexAssociation class="oracle.dbtools.crest.model.design.relational.FKIndexAssociation" directorySegmentName="seg_0" id="47723EA4-06A0-4F1A-BD5D-E37CCA1FF890" containerWithKeyObject="D0175FAC-97A7-AA62-1148-29F6F1480EA5" localFKIndex="AF60CC22-E7C8-21DA-BB34-9392E2A48D14" name="PROFESOR_CURSO_FK">
<createdBy>javier</createdBy>
<createdTime>2024-10-06 15:41:54 UTC</createdTime>
<generatorID>85569F0E-58F8-6CAD-683E-60A3FB481467</generatorID>
<ownerDesignName>EFT_S9_JavierNunez</ownerDesignName>
<referredTableLongName>CURSO</referredTableLongName>
<deleteRule>NO ACTION</deleteRule>
<referredTableID>1BCA705B-00D0-D024-1B17-CD6D08BAFBD5</referredTableID>
<keyObject>69C1C99A-50F5-2AA4-91AF-6A268D06F8EE</keyObject>
<referredKeyID>69C1C99A-50F5-2AA4-91AF-6A268D06F8EE</referredKeyID>
<mandatory>true</mandatory>
<refColNames>id_curso</refColNames>
<transferable>true</transferable>
<rely>false</rely>
<columnDependencyConstraintGenerateInDDL>true</columnDependencyConstraintGenerateInDDL>
</FKIndexAssociation>