<?xml version = '1.0' encoding = 'UTF-8'?>
<FKIndexAssociation class="oracle.dbtools.crest.model.design.relational.FKIndexAssociation" directorySegmentName="seg_0" id="9694E911-2AAE-D087-0C18-9F5C3CD0FE1A" containerWithKeyObject="1BCA705B-00D0-D024-1B17-CD6D08BAFBD5" localFKIndex="421CCBCA-0A0C-309E-71D4-FFBD0C347A95" name="CURSO_ACADEMIA_FK">
<createdBy>javier</createdBy>
<createdTime>2024-10-06 15:48:44 UTC</createdTime>
<generatorID>174E0739-0A33-6036-328C-29E56594E336</generatorID>
<ownerDesignName>EFT_S9_JavierNunez</ownerDesignName>
<referredTableLongName>ACADEMIA</referredTableLongName>
<deleteRule>NO ACTION</deleteRule>
<referredTableID>9A0CF61F-662D-D311-D826-60E2426F3486</referredTableID>
<keyObject>E93948F7-6869-8776-AEFA-A3F3B51D6369</keyObject>
<referredKeyID>E93948F7-6869-8776-AEFA-A3F3B51D6369</referredKeyID>
<mandatory>true</mandatory>
<refColNames>id_academia</refColNames>
<transferable>true</transferable>
<rely>false</rely>
<columnDependencyConstraintGenerateInDDL>true</columnDependencyConstraintGenerateInDDL>
</FKIndexAssociation>