<?xml version = '1.0' encoding = 'UTF-8'?>
<FKIndexAssociation class="oracle.dbtools.crest.model.design.relational.FKIndexAssociation" directorySegmentName="seg_0" id="9F8925DD-0C5B-FC10-5F4E-2CF66C51A42E" containerWithKeyObject="31D817F8-FCC0-A9BB-117A-0B16F6350863" localFKIndex="F34D0462-767A-FF9B-F244-5341C70A5AEE" name="Relation_5_PROFESOR_FK">
<createdBy>javier</createdBy>
<createdTime>2024-10-06 15:48:44 UTC</createdTime>
<generatorID>DB133020-B8F4-B0A6-7035-B1661AE322A1</generatorID>
<ownerDesignName>EFT_S9_JavierNunez</ownerDesignName>
<referredTableLongName>PROFESOR</referredTableLongName>
<deleteRule>NO ACTION</deleteRule>
<referredTableID>D0175FAC-97A7-AA62-1148-29F6F1480EA5</referredTableID>
<keyObject>ADD1E58A-FFD5-CB5E-C3B9-BC09D39DB3B1</keyObject>
<referredKeyID>ADD1E58A-FFD5-CB5E-C3B9-BC09D39DB3B1</referredKeyID>
<mandatory>true</mandatory>
<refColNames>id_profesor</refColNames>
<transferable>true</transferable>
<rely>false</rely>
<columnDependencyConstraintGenerateInDDL>true</columnDependencyConstraintGenerateInDDL>
</FKIndexAssociation>