<?xml version = '1.0' encoding = 'UTF-8'?>
<FKIndexAssociation class="oracle.dbtools.crest.model.design.relational.FKIndexAssociation" directorySegmentName="seg_0" id="C66C6BD5-03BF-FB1C-DE83-B014CA15FCBD" containerWithKeyObject="9A0CF61F-662D-D311-D826-60E2426F3486" localFKIndex="B7B9298A-5E98-4646-56E0-29DCB409EFDC" name="ACADEMIA_MUNICIPALIDAD_FK">
<createdBy>javier</createdBy>
<createdTime>2024-10-06 15:41:54 UTC</createdTime>
<generatorID>EE1B4AF6-2F95-DD26-B398-2FBD5AB96107</generatorID>
<ownerDesignName>EFT_S9_JavierNunez</ownerDesignName>
<referredTableLongName>MUNICIPALIDAD</referredTableLongName>
<deleteRule>NO ACTION</deleteRule>
<referredTableID>97E59C36-8350-09E8-975D-E88F018509AA</referredTableID>
<keyObject>650323B2-1AFB-D17D-D2CE-1643FA8D83C6</keyObject>
<referredKeyID>650323B2-1AFB-D17D-D2CE-1643FA8D83C6</referredKeyID>
<mandatory>true</mandatory>
<refColNames>id_municipalidad</refColNames>
<transferable>true</transferable>
<rely>false</rely>
<columnDependencyConstraintGenerateInDDL>true</columnDependencyConstraintGenerateInDDL>
</FKIndexAssociation>