<?xml version = '1.0' encoding = 'UTF-8'?>
<FKIndexAssociation class="oracle.dbtools.crest.model.design.relational.FKIndexAssociation" directorySegmentName="seg_0" id="DA4A7673-5263-6BB4-6236-589BC89D64B6" containerWithKeyObject="31D817F8-FCC0-A9BB-117A-0B16F6350863" localFKIndex="E49CE44C-3FEC-4C60-AAEC-884B4779E18D" name="Relation_5_ACADEMIA_FK">
<createdBy>javier</createdBy>
<createdTime>2024-10-06 15:48:44 UTC</createdTime>
<generatorID>DB133020-B8F4-B0A6-7035-B1661AE322A1</generatorID>
<ownerDesignName>EFT_S9_JavierNunez</ownerDesignName>
<referredTableLongName>ACADEMIA</referredTableLongName>
<deleteRule>NO ACTION</deleteRule>
<referredTableID>9A0CF61F-662D-D311-D826-60E2426F3486</referredTableID>
<keyObject>E93948F7-6869-8776-AEFA-A3F3B51D6369</keyObject>
<referredKeyID>E93948F7-6869-8776-AEFA-A3F3B51D6369</referredKeyID>
<mandatory>true</mandatory>
<refColNames>id_academia</refColNames>
<transferable>true</transferable>
<rely>false</rely>
<columnDependencyConstraintGenerateInDDL>true</columnDependencyConstraintGenerateInDDL>
</FKIndexAssociation>