<?xml version = '1.0' encoding = 'UTF-8'?>
<Relation class="oracle.dbtools.crest.model.design.logical.Relation" name="Relation_4" directorySegmentName="seg_0" id="174E0739-0A33-6036-328C-29E56594E336">
<createdBy>javier</createdBy>
<createdTime>2024-10-06 15:44:58 UTC</createdTime>
<ownerDesignName>EFT_S9_JavierNunez</ownerDesignName>
<engineerTo>
<item key="8D13F927-6039-61E8-2F65-B189F65A6F55" value="true"/>
</engineerTo>
<sourcePk>54E57F60-37A5-2D7A-A210-5AF65C5DDB73</sourcePk>
<identifying>false</identifying>
<optionalSource>true</optionalSource>
<optionalTarget>false</optionalTarget>
<sourceCardinality>1</sourceCardinality>
<sourceEntity>EFE3CBC1-B869-6C5A-45DF-6A509627E8DF</sourceEntity>
<targetCardinalityString>*</targetCardinalityString>
<targetEntity>35FB9B26-85BA-7E94-D401-CF668BCF4176</targetEntity>
<transferable>true</transferable>
<deleteRule>NO ACTION</deleteRule>
</Relation>