<?xml version = '1.0' encoding = 'UTF-8'?>
<Relation class="oracle.dbtools.crest.model.design.logical.Relation" name="Relation_3" directorySegmentName="seg_0" id="85569F0E-58F8-6CAD-683E-60A3FB481467">
<createdBy>javier</createdBy>
<createdTime>2024-10-06 15:38:54 UTC</createdTime>
<ownerDesignName>EFT_S9_JavierNunez</ownerDesignName>
<engineerTo>
<item key="8D13F927-6039-61E8-2F65-B189F65A6F55" value="true"/>
</engineerTo>
<sourcePk>A0515EC1-F28A-F432-1369-5A9A38B1E660</sourcePk>
<identifying>false</identifying>
<optionalSource>true</optionalSource>
<optionalTarget>false</optionalTarget>
<sourceCardinality>1</sourceCardinality>
<sourceEntity>35FB9B26-85BA-7E94-D401-CF668BCF4176</sourceEntity>
<targetCardinalityString>1</targetCardinalityString>
<targetEntity>277768C0-2C43-FE5C-2773-930650627968</targetEntity>
<transferable>true</transferable>
<deleteRule>NO ACTION</deleteRule>
</Relation>