<?xml version = '1.0' encoding = 'UTF-8'?>
<Relation class="oracle.dbtools.crest.model.design.logical.Relation" name="Relation_5" directorySegmentName="seg_0" id="DB133020-B8F4-B0A6-7035-B1661AE322A1">
<createdBy>javier</createdBy>
<createdTime>2024-10-06 15:45:57 UTC</createdTime>
<ownerDesignName>EFT_S9_JavierNunez</ownerDesignName>
<engineerTo>
<item key="8D13F927-6039-61E8-2F65-B189F65A6F55" value="true"/>
</engineerTo>
<identifying>false</identifying>
<optionalSource>true</optionalSource>
<optionalTarget>false</optionalTarget>
<sourceCardinality>*</sourceCardinality>
<sourceEntity>277768C0-2C43-FE5C-2773-930650627968</sourceEntity>
<targetCardinalityString>*</targetCardinalityString>
<targetEntity>EFE3CBC1-B869-6C5A-45DF-6A509627E8DF</targetEntity>
<transferable>true</transferable>
<deleteRule>NO ACTION</deleteRule>
</Relation>