<?xml version = '1.0' encoding = 'UTF-8'?>
<Relation class="oracle.dbtools.crest.model.design.logical.Relation" name="Relation_2" directorySegmentName="seg_0" id="EE1B4AF6-2F95-DD26-B398-2FBD5AB96107">
<createdBy>javier</createdBy>
<createdTime>2024-10-06 15:38:40 UTC</createdTime>
<ownerDesignName>EFT_S9_JavierNunez</ownerDesignName>
<engineerTo>
<item key="8D13F927-6039-61E8-2F65-B189F65A6F55" value="true"/>
</engineerTo>
<sourcePk>E2864D7F-4A20-D2E7-E39B-F899E7938A98</sourcePk>
<identifying>false</identifying>
<optionalSource>true</optionalSource>
<optionalTarget>false</optionalTarget>
<sourceCardinality>1</sourceCardinality>
<sourceEntity>8DFCCC1C-D849-9C30-185D-3CA6B439258F</sourceEntity>
<targetCardinalityString>*</targetCardinalityString>
<targetEntity>EFE3CBC1-B869-6C5A-45DF-6A509627E8DF</targetEntity>
<transferable>true</transferable>
<deleteRule>NO ACTION</deleteRule>
</Relation>